lat,lon
51.48129160000001,-0.4510112
51.474005,-0.4509991
51.47819910000001,-0.4460810000000001
51.47819910000001,-0.4460810000000001
51.4741456,-0.4515622
51.4801463,-0.4411027
51.479669,-0.4410238
38.78177460000001,-9.1375444
38.7744221,-9.1291947
38.771939,-9.1289106
38.7694328,-9.1244026
38.74298710000001,-9.1477802
38.7128158,-9.139833099999999
38.7110495,-9.1397388
38.71192420000001,-9.1374341
38.711283,-9.138796800000001
38.707192299999996,-9.1368245
38.7096234,-9.1306099
38.715637,-9.1205578
38.7143626,-9.1306584
38.7143734,-9.134548599999999
38.712536,-9.133149900000001
38.71197700000001,-9.141787800000001
38.71383400000001,-9.1344059
38.7124623,-9.133155699999998
38.713181299999995,-9.1353435
38.7127963,-9.136014300000001
38.711812200000004,-9.1372845
38.711796899999996,-9.137317699999999
38.7118745,-9.1373306
38.7119086,-9.137345199999999
38.7118862,-9.1373517
38.711871200000004,-9.137317800000002
38.7118761,-9.1373146
38.7118605,-9.137332
38.7118783,-9.1373423
38.711888099999996,-9.1373381
38.711888,-9.137336300000001
38.711864,-9.137323599999998
38.7118701,-9.1373246
38.7118691,-9.137326
38.7118984,-9.1373365
38.71190170000001,-9.1373634
38.7119172,-9.137360000000001
38.711864,-9.1373269
38.7118984,-9.1373325
38.7118599,-9.1373306
38.7118624,-9.1373252
38.71190120000001,-9.1373462
38.7119,-9.1373414
38.711841899999996,-9.137305900000001
38.7118694,-9.1373598
38.7118745,-9.137277099999999
38.7118599,-9.1373605
38.7118716,-9.1373753
38.7118391,-9.1373052
38.714283200000004,-9.139726699999999
38.71407070000001,-9.1220166
38.7236556,-9.1152921
38.7249729,-9.1149007
38.72521939999999,-9.1149853
38.72310750000001,-9.1133736
38.7139855,-9.1220591
38.7068412,-9.145749499999999
38.697187899999996,-9.201723800000002
38.697929200000004,-9.205809599999998
38.6944173,-9.2046919
38.70023920000001,-9.2047133
38.6991942,-9.205035699999998
38.6979296,-9.2058097
38.693779600000006,-9.2063634
38.6934236,-9.211898800000002
38.6919442,-9.215560499999999
38.6933087,-9.2153549
38.692087799999996,-9.2152758
38.694590999999996,-9.2044774
38.7025124,-9.1805038
38.70634520000001,-9.1485781
38.7099732,-9.1365704
38.7084192,-9.136322300000002
38.7084872,-9.1360221
38.7084677,-9.1362298
38.7121451,-9.1375105
38.713462,-9.139126
38.711902200000004,-9.1373228
38.7118754,-9.1373319
38.7118706,-9.1373373
38.7118818,-9.1372978
38.711855799999995,-9.1373144
38.7126314,-9.137655699999998
38.7118513,-9.1373304
38.71142570000001,-9.1375604
38.7114167,-9.137544300000002
38.711955700000004,-9.137407000000001
38.7118752,-9.137303900000001
38.7118807,-9.137370599999999
38.7118811,-9.1373132
38.71186820000001,-9.137282199999998
38.7118545,-9.1373102
38.7118458,-9.1372971
38.7118342,-9.1372666
38.7118744,-9.137336900000001
38.7118606,-9.1372976
38.71189129999999,-9.1373243
38.711891200000004,-9.1373147
38.7118725,-9.137329800000002
38.7118619,-9.1373299
38.711879700000004,-9.1373259
38.711865100000004,-9.1373191
38.7118551,-9.1373139
38.7118624,-9.1373238
38.7118485,-9.1373063
38.7118506,-9.1372903
38.71182320000001,-9.1372686
38.71186820000001,-9.1373055
38.711842,-9.137305
38.7119013,-9.1373779
38.7135442,-9.13725
38.7147339,-9.140701199999999
38.71472410000001,-9.140875300000001
38.7309823,-9.1690712
38.7616021,-9.2450257
38.79755820000001,-9.3409997
38.799727000000004,-9.3852125
38.7969485,-9.3907658
38.7893195,-9.3923114
38.787489,-9.3905445
38.80117120000001,-9.4251031
38.7874886,-9.3905446
38.79307100000001,-9.2858255
38.8014593,-9.371787199999998
38.8054581,-9.3619194
38.81661070000001,-9.408499800000001
38.7882049,-9.3880175
38.7995682,-9.3854593
38.797314,-9.387920699999999
38.7686867,-9.2999259
38.7472838,-9.213838800000001
38.7147515,-9.1406741
38.71394520000001,-9.1393509
38.71190870000001,-9.1373871
38.7118918,-9.137334599999999
38.7118537,-9.1372891
38.7119,-9.1373436
38.711853399999995,-9.137313
38.712026200000004,-9.1391325
38.7119202,-9.139068199999999
38.7134531,-9.140998
38.7135781,-9.1416879
38.7135533,-9.1417099
38.7106644,-9.1426067
38.7109381,-9.139840699999999
38.711024200000004,-9.1373975
38.7118297,-9.1372975
38.7118239,-9.1373075
38.7118327,-9.1373168
38.7118219,-9.137277000000001
38.7118229,-9.137273
38.711828000000004,-9.1372794
38.7118594,-9.1373493
38.711865700000004,-9.137367999999999
38.7117906,-9.1372713
38.7118342,-9.1373073
38.7118746,-9.137303300000001
38.7118216,-9.1372386
38.7118547,-9.137367300000001
38.7118518,-9.1372974
38.7117759,-9.137272900000001
38.7118216,-9.137248199999998
38.7118034,-9.1372351
38.7118169,-9.137254800000001
38.7117997,-9.1372612
38.7123248,-9.137433999999999
38.7118349,-9.137256800000001
38.7117946,-9.137317900000001
38.7120571,-9.1411578
38.742017600000004,-9.1693804
38.7417655,-9.165693899999999
38.741758000000004,-9.165713199999999
38.7417875,-9.1656878
39.1183833,-8.913737800000002
39.27287570000001,-8.7121869
39.476521999999996,-8.634345300000001
39.6307531,-8.6811772
39.6287723,-8.695136
39.841085799999995,-8.718608
40.0204289,-8.5944898
40.2108693,-8.481383099999999
40.6091112,-8.5448192
40.86654179999999,-8.5589924
41.0621474,-8.5758203
41.1452665,-8.610441
41.1452814,-8.610412
41.1452681,-8.6103972
41.1490255,-8.6101426
41.1435023,-8.610101400000001
41.1384074,-8.6091067
41.1365312,-8.611296699999999
41.137714,-8.6133715
41.138666,-8.6156996
41.138315500000004,-8.613814199999998
41.13859520000001,-8.615299900000002
41.1407855,-8.6105422
41.144110999999995,-8.6103824
41.1452207,-8.6103923
41.145269299999995,-8.610399800000001
41.1452665,-8.610441
41.1453039,-8.6104046
41.1452847,-8.6104046
41.1451244,-8.6103765
41.1451871,-8.6103879
41.145206200000004,-8.610392800000001
41.1453191,-8.6104181
41.1451443,-8.610382699999999
41.14528320000001,-8.610411000000001
41.1451994,-8.6104004
41.14515770000001,-8.610407
41.145276700000004,-8.610419300000002
41.145255299999995,-8.610368699999999
41.145189200000004,-8.6103647
41.1452398,-8.6103903
41.1451999,-8.6103701
41.1452398,-8.6103903
41.145289899999995,-8.6104237
41.145201899999996,-8.610403699999999
41.1452902,-8.6104127
41.1451028,-8.610386300000002
41.145277899999996,-8.6103951
41.1451252,-8.6103913
41.14523300000001,-8.610358900000001
41.1459052,-8.610766400000001
41.1453112,-8.6104084
41.1453312,-8.6105021
41.1452405,-8.6104902
41.145283899999995,-8.6104007
41.14522589999999,-8.6104118
41.1452014,-8.6104695
41.145110100000004,-8.6103534
41.1451213,-8.6103766
41.1452763,-8.6104014
41.1452766,-8.610408
41.1458776,-8.6148362
41.1426424,-8.616916999999999
41.1403703,-8.610067800000001
41.1405684,-8.6140277
41.1372534,-8.6164138
41.1422426,-8.6211775
41.1372093,-8.6197198
41.136914600000004,-8.620218699999999
41.1435548,-8.613069
41.1400816,-8.615217699999999
41.1416982,-8.6064163
41.1373274,-8.616351400000001
41.144387,-8.611895500000001
41.1451646,-8.6108553
41.144850500000004,-8.610540499999999
41.14521729999999,-8.610515699999999
41.1520349,-8.6100353
41.1615277,-8.6308978
41.237025,-8.6656845
41.2364461,-8.6711649
41.23720529999999,-8.6721733
41.23587970000001,-8.6716752
41.3039111,2.1059314
41.2927229,2.0755827
41.289946,2.0645898999999996
41.2941432,2.0731769
41.3201247,2.090935
41.3771195,2.1516324
41.3771385,2.1510933
41.3770661,2.1512022
41.3770723,2.1512061
41.377043799999996,2.1512276000000004
41.3770794,2.1512247
41.3779885,2.152919
41.376003499999996,2.1491465
41.36621810000001,2.1537009
41.372141799999994,2.1509384
41.3786831,2.152787
41.3771314,2.1511082999999998
41.3771701,2.1507965
41.377162299999995,2.1510834
41.3770884,2.1507629
41.3770935,2.1507655
41.3770975,2.1511463
41.3805504,2.1538854
41.3806322,2.1525090000000002
41.37714329999999,2.1510132
41.37707320000001,2.1514639
41.3809076,2.1543650000000003
41.3883249,2.1596929
41.380447600000004,2.1739577999999997
41.3846963,2.1867123
41.3813242,2.1727949
41.3786362,2.1757598999999996
41.378635100000004,2.1757965
41.381429600000004,2.1802422000000004
41.3814159,2.1802462000000005
41.389382899999994,2.1708651000000003
41.3770763,2.1512071
41.3770911,2.1511755
41.3770723,2.1511749
41.377089700000006,2.1512032000000003
41.3770797,2.1511882
41.3771148,2.1507485
41.3771225,2.1507589
41.3770799,2.1507574000000003
41.377104700000004,2.1507392999999997
41.37709279999999,2.1507845000000003
41.377074900000004,2.1507436
41.3771613,2.150862
41.3797817,2.1579662
41.3801641,2.1559188
41.3771119,2.1510607999999998
41.37584860000001,2.1493109
41.3880427,2.1114748
41.3887061,2.1124853
41.389413299999994,2.1132551
41.38708070000001,2.1122172999999997
41.38707670000001,2.1122316000000003
41.3893617,2.1155752999999997
41.3856393,2.1128883
41.3790408,2.142772
41.375288299999994,2.1500491000000004
41.3754151,2.150232
41.3770715,2.1513833
41.377098,2.1512086
41.3804297,2.1472661
41.38114760000001,2.1457452
41.3813223,2.1531112
41.3801372,2.1521937
41.377089500000004,2.1509105
41.377088,2.1507327000000003
41.3771022,2.1507197
41.37708370000001,2.1507237
41.3770997,2.150746
41.377128799999994,2.1511797
41.3770761,2.1512057999999996
41.376168299999996,2.1505352
41.3877239,2.1821679
41.3861742,2.178146
41.3835227,2.1818196
41.3826482,2.1830837000000005
41.3860045,2.1830187999999997
41.38948370000001,2.1881876
41.3892687,2.1835529
41.38716220000001,2.1700956000000002
41.3839198,2.1609377999999997
41.377200099999996,2.1509523999999995
41.3751794,2.1496513999999998
41.3751794,2.1496513999999998
41.3784244,2.1559161000000002
41.3770722,2.1516574
41.377161,2.1511567000000005
41.3770767,2.1512219
41.379655799999995,2.1746671
41.3857346,2.1763771
41.3864853,2.1754263
41.386691,2.1751994
41.383236600000004,2.1599276
41.3770592,2.1511997000000003
41.3770965,2.1512287999999997
41.3804992,2.1539174
41.3799226,2.1524709
41.377072,2.1512284
41.377075,2.1512259
41.3714486,2.1422407000000003
41.3826705,2.1634567000000002
41.3826833,2.1634472000000002
41.38269260000001,2.1633617000000003
41.382661799999994,2.1634368
41.382645600000004,2.1634467999999996
41.382665700000004,2.1634832000000004
41.382669899999996,2.1634701
41.382667299999994,2.163451
41.38257720000001,2.1644284
41.3779089,2.1703523999999996
41.375782,2.168334
41.3751433,2.1559962
41.377091,2.1511839
41.377083,2.1512259
41.377071,2.1512066
41.3770696,2.1512116000000003
41.3770882,2.1511935
41.37708410000001,2.1511981
41.3770878,2.1511811
41.3770934,2.1511873
41.377069,2.1511985
41.3771109,2.1507641
41.3771011,2.1507651
41.3771088,2.1507452999999996
41.377090100000004,2.1511801
41.377101,2.151001
41.3832116,2.1599063999999997
41.3898505,2.168136
41.3916386,2.1649189
41.391525,2.1647144
41.391535,2.1647768
41.391836700000006,2.1650102
41.388782299999995,2.1666498
41.3920343,2.1615202
41.394984,2.1579856
41.391195700000004,2.1566475
41.391310600000004,2.1530533
41.39258220000001,2.1491597000000002
41.38092620000001,2.1371982999999997
41.3760052,2.1501197
41.3770958,2.1511972999999998
41.377128000000006,2.1508054
41.377119799999996,2.1508764
41.377081200000006,2.1512316000000005
41.3770451,2.151607
41.3762033,2.1500443
41.3770627,2.1512179
41.377112,2.1509763
41.375940299999996,2.153035
41.3749666,2.1695981
41.3744729,2.1695484
41.3770904,2.151214
41.3771161,2.1511544999999996
41.377911,2.1483206000000004
41.371348,2.141818
41.3920588,2.1807557999999996
41.390759100000004,2.187896
41.389550799999995,2.1839762
41.3715467,2.1820937000000002
41.390713500000004,2.1868653
41.3945166,2.1775312999999996
41.3894962,2.1839927
41.3836096,2.1817957000000003
41.3835285,2.1814883999999997
41.388211299999995,2.1796467999999996
41.381082299999996,2.1562302000000004
41.377115,2.1511681
41.37706170000001,2.1512395
41.3770838,2.1512512999999998
41.3771329,2.1511516
41.3788141,2.1491689999999997
41.3798904,2.1462336
41.3838321,2.1425542999999996
41.3836794,2.1425269
41.383431,2.1392819
41.3839872,2.1397351000000002
41.384061700000004,2.1395465
41.3822415,2.1358892999999997
41.38018579999999,2.1429751
41.3803926,2.1421984
41.377913899999996,2.1460174
41.3823185,2.1469374
41.3828458,2.1502135
41.3787107,2.1457325000000003
41.3787508,2.1458705
41.3787445,2.1458694
41.3787487,2.1458615
41.378731099999996,2.1457751
41.3880376,2.1113862
41.3879946,2.1111162999999995
41.3847765,2.1104196
41.37815560000001,2.1824348999999996
41.3793877,2.1872168999999997
41.3753468,2.1887455
41.3754907,2.1887724
41.3741429,2.1887312000000003
41.3741196,2.1887182000000003
41.374138099999996,2.188759
41.3743041,2.1889731
41.3743191,2.1892515
41.378223999999996,2.1880213
41.3785324,2.1800437
41.37533079999999,2.1500262
41.3782461,2.1470549
41.3787708,2.1458582
41.378735,2.1458606
41.378760799999995,2.1459235
41.3807453,2.148607
41.381275,2.1484611
41.37876470000001,2.1458441
41.378739,2.1457947999999996
41.3802283,2.1492617000000003
41.3787705,2.1458991000000003
41.378727500000004,2.1458169
41.3787171,2.1458174
41.37872120000001,2.145825
41.3787598,2.1458302000000002
41.3787458,2.1458597000000004
41.3787393,2.1458169999999996
41.3787286,2.1458172
41.37874179999999,2.1458464
41.383812899999995,2.1291321
41.3881618,2.1117328
41.387974,2.1114027
41.38790570000001,2.1114107000000004
41.38790570000001,2.1114107000000004
41.3882771,2.1118504000000002
41.3882554,2.1119220000000003
41.3882561,2.1119204
41.388255,2.111925
41.38790529999999,2.1114105
41.3880049,2.1115303
41.38614260000001,2.1116381
41.3857026,2.1171113
41.387110799999995,2.1178476
41.386776399999995,2.119224
41.3871597,2.1182912
41.3787675,2.1458787999999998
41.3761571,2.1389209
41.376168,2.1389745
41.377500399999995,2.1459167000000003
41.3787333,2.1458076
41.37872210000001,2.1457987000000003
41.37874220000001,2.1458435000000002
41.3787607,2.1458547
41.379224,2.1467062
41.374907,2.1440798
41.3767986,2.1460575
41.378729799999995,2.1458162
41.3787278,2.1457943999999998
41.378716299999994,2.1458125
41.378110299999996,2.1458367000000003
41.3747732,2.1490913
41.37089829999999,2.1496303
41.370491799999996,2.1491767000000004
41.37204970000001,2.1508894
41.3715502,2.1504336
41.3764935,2.1477356
41.3789534,2.1460887000000004
41.3787751,2.1458961
41.38032020000001,2.1492248
41.3787078,2.1458342
41.3787319,2.145859
41.378766399999996,2.1458492000000002
41.3793071,2.146604
41.3983691,2.1684677000000003
41.3953811,2.1600479
41.3957163,2.160428
41.3913813,2.161562
41.391502,2.1616862
41.3870177,2.1705633
41.3867894,2.1686021
41.3857312,2.1687122000000003
41.3792219,2.1466711
41.378766299999995,2.1458947999999998
41.3787679,2.1459241000000002
41.37877750000001,2.1459034
41.378735999999996,2.1458008
41.378722700000004,2.1458067
41.3758124,2.1482936
41.371975,2.1507717
41.37048,2.1467313
41.3693464,2.1524444
41.3732943,2.1512919
41.3767006,2.1501292999999997
41.3788195,2.1460092
41.37872670000001,2.145835
41.3787411,2.1458169
41.378738299999995,2.1458367999999997
41.378735999999996,2.145829
41.378745200000004,2.1457887
41.3792493,2.1465739
50.4893042,19.0983815
50.4492979,19.0605598
50.4487039,19.059497600000004
50.3284979,19.2424844
50.3063515,19.475674800000004
50.0973304,19.895394399999997
50.0897229,19.9181189
50.0689532,19.9463832
50.0629994,19.9398983
50.0623877,19.9349159
50.062600700000004,19.935191699999997
50.0625808,19.935131
50.0629921,19.9341694
50.06190150000001,19.9370671
50.062272799999995,19.9348871
50.062607299999996,19.935031600000002
50.0641357,19.9353627
50.027998600000004,19.2016098
50.0514717,19.213068
50.072535200000004,19.4339893
50.0340482,19.6125103
50.0357467,19.8359321
50.062745299999996,19.930684
50.06162,19.938063699999997
50.0623075,19.9356297
50.0633891,19.9334855
50.0625855,19.9350852
50.05557320000001,19.9355354
50.0537283,19.9343361
50.052294399999994,19.9349178
50.0536635,19.9292626
50.056137,19.931035100000006
50.05207410000001,19.93419312
50.0530535,19.929983800000002
50.0531695,19.931863500000002
50.0502566,19.937034699999998
50.0513223,19.9478283
50.0549321,19.9504634
50.0524154,19.9450718
50.0530348,19.9472086
50.0524154,19.9450718
50.0523377,19.9462202
50.0521869,19.9384723
50.06345579999999,19.9335342
50.0626014,19.9350544
50.0626415,19.9349326
50.0625873,19.935193100000006
50.062645700000004,19.9351438
50.0625931,19.9351967
50.06260220000001,19.9352347
50.0625795,19.9352284
50.062579799999995,19.935087600000006
50.06261129999999,19.9350737
50.0625873,19.935227800000003
50.0633651,19.9335892
50.0624976,19.935321300000002
50.0625866,19.9350964
50.0591644,19.9433121
49.9931846,20.0434783
49.9848481,20.0524206
49.993198299999996,20.041946499999998
50.0469364,19.9548284
50.0586907,19.944964499999998
50.061426000000004,19.9467827
50.061966,19.943045899999998
50.062774299999994,19.9346816
50.06251788,19.93862688
50.062037,19.938024300000002
50.0625578,19.9352175
50.0625781,19.9351276
50.062596,19.935067899999996
50.062567200000004,19.9351645
50.062582299999995,19.9351096
50.0626005,19.935031600000002
50.062581099999996,19.9351326
50.0624665,19.935072100000006
50.0630178,19.9340556
50.0620969,19.9369921
50.06455379999999,19.9406145
50.0619005,19.937693300000007
50.063046,19.9340562
50.063030299999994,19.9340581
50.064113299999995,19.9351826
50.0625609,19.935157
50.06325220000001,19.9336525
50.06258010000001,19.935132100000004
50.0625937,19.9351009
50.0625735,19.9351027
50.0626095,19.9350853
50.0625471,19.9351782
50.0625758,19.9352586
50.0625614,19.935112300000004
50.06202920000001,19.937283899999997
50.0688635,19.9493028
50.089150399999994,19.9089234
50.0718414,19.801448399999998
50.077506400000004,19.8091708
50.145956899999995,19.4649668
50.1543968,19.244136100000002
50.254720899999995,18.8870225
50.2736325,18.7294285
50.2736325,18.7294285
50.4622715,19.0815141
50.37368950000001,18.8892047
49.9005024,18.3465247
49.8213494,18.2090604
49.6636426,17.926755800000006
49.559495,17.7181638
49.450555,17.4190687
49.966878799999996,16.4022121
50.0418467,15.3950116
50.1212466,14.995289999999999
50.087729100000004,14.660600099999998
50.083450799999994,14.434048
50.07534310000001,14.4314492
50.074833500000004,14.444941
50.0767245,14.4541146
50.082104,14.448959799999999
50.082168599999996,14.449006400000002
50.0770296,14.4449532
50.0929545,14.3923636
50.086721600000004,14.3883489
50.08354110000001,14.395147699999999
50.0755166,14.424425
50.0747253,14.443853599999999
50.074819299999994,14.444916199999998
50.0747471,14.4448807
50.074788500000004,14.444928299999999
50.074818,14.4449218
50.07481660000001,14.4449259
50.0748114,14.4449142
50.0748023,14.444900699999998
50.0745157,14.44304
50.074625399999995,14.4446554
50.074801,14.444888199999998
50.074824299999996,14.444872
50.0748369,14.4449114
50.074773,14.444028099999999
50.080394399999996,14.4429016
50.0803509,14.443079999999998
50.0803951,14.4429035
50.0803224,14.443103
50.0803374,14.4431043
50.0802476,14.4434606
50.0804328,14.442878099999998
50.080439,14.442879099999999
50.080377,14.4429536
50.080395,14.442902100000001
50.0803926,14.4428732
50.0804316,14.442879399999999
50.0803467,14.443012099999999
50.0804398,14.442878599999998
50.080414399999995,14.442934699999999
50.080239399999996,14.4444573
50.077279,14.4461238
50.0770266,14.4427029
50.0748296,14.444881599999999
50.07481370000001,14.444894699999999
50.074339200000004,14.443799499999999
50.07437279999999,14.4432601
50.074850500000004,14.445009900000002
50.0753372,14.433354199999998
50.1015078,14.4977957
50.076828799999994,14.710014600000001
50.10882539999999,14.9214424
50.0257615,15.214198499999998
49.9617593,15.298554000000001
49.9675512,15.2771381
49.96204960000001,15.288215099999999
49.9597606,15.2904163
49.9598149,15.288848499999999
49.9482673,15.264785
49.9487304,15.261939600000002
49.9373516,15.2659212
49.9487304,15.261939600000002
49.9495698,15.261667600000001
49.9495804,15.268460999999999
49.94887070000001,15.2801565
49.9705236,15.3103109
50.0280826,15.2108136
50.0250402,15.2089936
50.071361100000004,14.8375136
50.085035999999995,14.570334299999999
50.0849244,14.437011199999999
50.0823119,14.4483479
50.08120020000001,14.451136199999999
50.0817268,14.452095199999999
50.0754659,14.4506584
50.0748771,14.444990599999999
50.074832799999996,14.4449038
50.0748441,14.4449497
50.07479910000001,14.4449386
50.0748568,14.4449527
50.0749316,14.445000400000001
50.0774726,14.4395288
50.08040670000001,14.4288721
50.0871494,14.4210324
50.09084489999999,14.4254652
50.090338700000004,14.416573300000001
50.094667,14.408625500000001
50.089290500000004,14.4071386
50.08703670000001,14.407390300000001
50.08710870000001,14.4151366
50.0748692,14.4450231
50.0744816,14.4383738
50.0644528,14.442178400000001
50.064484,14.4421166
50.0644839,14.442162900000001
50.0645209,14.442191500000002
50.0639021,14.4419381
50.067519,14.4396416
50.066412799999995,14.4412063
50.0642105,14.4415854
50.0642115,14.4415858
50.0642102,14.4415854
50.07702379999999,14.443408999999999
50.0826897,14.4474506
50.0808333,14.450710399999998
50.0770732,14.448727900000002
50.0747427,14.4448508
50.07491339999999,14.4449915
50.0748236,14.4449247
50.0748338,14.4449262
50.0809836,14.4075013
50.0861426,14.404133600000002
50.07837720000001,14.404063800000001
50.0712999,14.4043736
50.0524104,14.2921832
49.9711561,14.1036316
49.7863143,13.718423399999999
49.698620299999995,13.423219699999999
49.71359644,13.14887376
49.708167100000004,13.045332
49.66003641,12.55782719
49.3986061,11.8477583
49.4080691,11.2899446
49.309917799999994,10.989308900000001
49.260220399999994,10.547922900000001
49.16301872,9.37027094
49.157872999999995,9.3457177
48.8263821,9.170884800000001
48.783639799999996,9.180591699999999
48.7858451,9.1879941
48.6936721,9.4128045
48.5563514,9.273472300000002
48.528449,9.1404883
48.5182699,9.0580234
48.5228607,9.054922900000001
48.5228169,9.0549868
48.522814399999994,9.0549957
48.5228061,9.0549144
48.5227862,9.055112699999999
48.5227451,9.0549531
48.5227749,9.054864
48.522726299999995,9.0550239
48.5228211,9.054961500000001
48.52279470000001,9.054856800000001
48.5228094,9.054868800000001
48.5228121,9.0548662
48.5227953,9.0548425
48.5227946,9.054853300000001
48.5228565,9.0548493
48.5228155,9.054863000000001
48.5228494,9.054914300000002
48.5227956,9.0548521
48.52280220000001,9.054868199999998
48.5228203,9.0550253
48.52285870000001,9.0550944
48.5203773,9.0558252
48.5220967,9.0570606
48.5236203,9.054753999999999
48.5228305,9.0549427
48.52284,9.054964100000001
48.5228046,9.0548718
48.522809499999994,9.054869
48.52279470000001,9.0548606
48.5227297,9.0551674
48.522848100000004,9.054932800000001
48.5228828,9.0549506
48.5228336,9.055016199999999
48.5228405,9.0549887
48.5228012,9.0550126
48.5228354,9.0549996
48.5229001,9.055091800000001
48.5228153,9.054884800000002
48.522810799999995,9.0549703
48.5227999,9.0549754
48.522814600000004,9.054844000000001
48.522815,9.0548372
48.5228105,9.0548582
48.5228045,9.054810400000001
48.5228141,9.0548628
48.5228044,9.0548106
48.5228185,9.0548515
48.522802,9.0548713
48.522805700000006,9.054867100000001
48.5228089,9.054854800000001
48.5228091,9.0548632
48.5228145,9.054862
48.5224294,9.0558075
48.5191539,9.0575693
48.5166995,9.0466144
48.5120707,9.0412058
48.5108843,9.041840400000002
48.5093534,9.0359388
48.5152416,9.0430398
48.52056629999999,9.0495965
48.521559499999995,9.057807400000002
48.5219428,9.058713599999999
48.522247899999996,9.050579800000001
48.523922,9.0469881
48.5251118,9.051113800000001
48.5235745,9.0546606
48.5228271,9.0548593
48.522892299999995,9.0548834
48.522917,9.0550532
48.52280820000001,9.0548
48.5228798,9.0551196
48.52286229999999,9.0550666
48.522850299999995,9.054987400000002
48.522846,9.054887800000001
48.522833399999996,9.0548939
48.5228309,9.0548892
48.5228325,9.054888400000001
48.522842600000004,9.0548879
48.5228451,9.0548831
48.5228437,9.0548582
48.522801799999996,9.0548121
48.522847999999996,9.0548761
48.5228739,9.0549088
48.52289879999999,9.054884
48.5228777,9.054866800000001
48.522846799999996,9.054881300000002
48.522880799999996,9.054944500000001
48.5228747,9.0549562
48.5219023,9.0551219
48.5186292,9.051883
48.5194611,9.0501614
48.5221805,9.0548789
48.52287800000001,9.0549234
48.5285424,9.063768199999998
48.561180900000004,9.059672099999998
48.56106756,9.05980557
48.5744624,9.066455300000001
48.526435600000006,9.0893672
48.511615899999995,9.0743852
48.5095063,9.0773955
48.51538970000001,9.0605276
48.5228484,9.0549141
48.522864,9.055036999999999
48.52284,9.0550928
48.5228574,9.0550444
48.5228218,9.054912
48.519613,9.0579454
48.5191796,9.058760699999999
48.5184719,9.0587324
48.5203363,9.0558655
48.5229367,9.055243699999998
48.5239272,9.0567124
48.5228782,9.054870300000001
48.5228477,9.054894599999999
48.5228083,9.0548569
48.5228718,9.0548597
48.5228127,9.0548515
48.5228125,9.0548514
48.52284760000001,9.054881300000002
48.52284470000001,9.0548784
48.5228958,9.0548728
48.5228365,9.0548506
48.522827299999996,9.0548789
48.522819500000004,9.054848
48.5228417,9.0549006
48.5228313,9.054892
48.52285429999999,9.0548837
48.5228336,9.054863699999999
48.5138995,9.0654466
48.472658700000004,8.935116699999998
48.442241700000004,8.6921915
48.4800011,8.7286457
48.4543662,8.5463394
48.4458391,8.4314088
48.343188399999995,8.397952499999999
48.290643599999996,8.2701902
48.28294010000001,8.1996304
48.3890293,8.0213421
48.4752249,7.946886599999999
48.3808755,7.8632247999999985
48.233450899999994,7.7536459
47.995716200000004,7.8444118000000005
47.99354320000001,7.8527164
47.9935439,7.852738499999999
47.9885517,7.8644098
47.98836710000001,7.8804731
47.9883905,7.8805439
47.9884375,7.880602400000001
47.988432,7.8806266
47.9884315,7.880516900000001
47.9884292,7.880561599999999
47.988427,7.8806556
47.9920425,7.854439699999999
47.9948691,7.8507003
47.9945573,7.8481906000000015
47.99255529999999,7.8543160000000025
47.9906151,7.8546336
47.9883729,7.880604400000001
47.9883335,7.880604400000001
47.9856227,7.8902617
47.9880476,7.880687599999999
47.9883855,7.8805837
47.9910929,7.8770788
47.9905803,7.8691108
47.991372999999996,7.8575599
47.993567,7.8538216
47.9955254,7.8517852
47.99558620000001,7.8520232000000005
47.9973129,7.8465994000000014
47.9931314,7.8481262
47.9909605,7.8477565999999985
47.992095,7.8557958
47.989375,7.858802099999999
47.9883655,7.8806175000000005
47.9884841,7.8806016
47.988421,7.8805784
47.987094899999995,7.8797315
47.993643,7.853872999999999
47.997374799999996,7.8495198
47.997407700000004,7.842691900000001
47.9992777,7.8392143
47.9989639,7.839848299999999
47.9990434,7.839931
47.999044399999995,7.8400629
47.999118599999996,7.8400402
47.995828700000004,7.8433368
47.9930027,7.854081
47.988419799999996,7.8805538
47.98844129999999,7.8805828999999985
47.988448299999995,7.8805226
47.988453299999996,7.8806176999999975
47.9884458,7.8805665
47.9871537,7.877598799999999
47.9982725,7.852919
47.9760664,7.9194239
47.905547799999994,8.223163000000001
48.0574273,8.5593472
48.235938399999995,8.648176300000001
48.417789,8.7342731
48.51423270000001,9.0625619
48.5403852,9.148518600000001
48.686405,9.187534800000002
48.6935859,9.1875915
48.689611299999996,9.193634900000001
48.6912899,9.1917704
48.6894299,9.1932052
41.3067518,2.0976237999999996
41.3120858,2.0779213
41.3043329,2.0727284
41.3545991,2.1222349
41.36595544,2.13664755
41.3860186,2.1700736000000003
41.3903832,2.1625836
41.39641820000001,2.1252823
41.396423,2.1253002
41.396426299999995,2.1253525
41.396434,2.1253708
41.3964505,2.1253656000000003
41.3964336,2.125365
41.3959947,2.1260207
41.37553320000001,2.1488462000000004
41.3770441,2.1516166
41.3770543,2.1511718999999996
41.377126399999995,2.1511307
41.3770554,2.1511817000000004
41.376219,2.1511445
41.375759,2.1492467
41.3595803,2.1281529999999997
41.3597016,2.1301246
41.3584596,2.1287013
41.377098600000004,2.1511513
41.3770756,2.1511459
41.378583899999995,2.1469164000000003
41.3787379,2.1457797000000003
41.3811994,2.1456367999999997
41.3792181,2.146305
41.378733600000004,2.1457829
41.3787454,2.1457938
41.3787391,2.1457754
41.378723799999996,2.1457650000000004
41.3787318,2.1457802000000004
41.3787302,2.1457727
41.378749799999994,2.1458037999999995
41.3787253,2.1457857000000002
41.37622329999999,2.1579707000000004
41.38014370000001,2.1753237999999997
41.3800231,2.1749981
41.3804585,2.1739552000000004
41.380140000000004,2.175175
41.3792585,2.1762182
41.37995120000001,2.1752521000000002
41.3799254,2.1752641
41.3788719,2.1764294
41.376019799999995,2.1507807
41.3811028,2.1502163
41.3787467,2.1457912999999995
41.3787542,2.1458112000000003
41.378744299999994,2.1457882
41.3787408,2.1457857000000002
41.3787481,2.145824
41.3787364,2.1457862999999997
41.37873670000001,2.1458172
41.3787262,2.1457926
41.378765,2.1458135
41.3787565,2.1458017999999996
41.378755299999995,2.1457975
41.378743799999995,2.1457942
41.3787292,2.1457595
41.378749,2.1457773999999996
41.37875070000001,2.1458195
41.378783399999996,2.1458103
41.3787599,2.1458104
41.3787684,2.1458071
41.3759626,2.1578367999999997
41.3860216,2.167912
41.3860456,2.1678629000000003
41.386581299999996,2.1674455000000004
41.3865715,2.1674594
41.38641370000001,2.1675266
41.386252299999995,2.1676648999999997
41.386669899999994,2.1797932999999996
41.3866419,2.1798485
41.386686600000004,2.1800732000000003
41.3838555,2.1816792
41.3890875,2.1836115
41.3890349,2.1839691
41.3889013,2.1837389
41.389263899999996,2.1842033
41.389218,2.1841564
41.3891388,2.1835767
41.3908766,2.1812876
41.3930509,2.1818037
41.39135170000001,2.1799007
41.3865484,2.1674870999999998
41.3821195,2.1666471
41.3863704,2.1675872000000003
41.3863581,2.1676275
41.3860028,2.1678723
41.388713700000004,2.16381034
41.39364929999999,2.1601163
41.385875,2.1676817
41.3863952,2.1675921000000002
41.386025399999994,2.1678957999999997
41.3859953,2.1678076
41.386006,2.1678766
41.3862908,2.1676772
41.386031700000004,2.1678312
41.38600039999999,2.1678973999999998
41.3859976,2.1678351000000005
41.386254,2.1676855
41.3860743,2.1678261
41.38635670000001,2.1675897
41.386010399999996,2.1678664
41.386396500000004,2.1675851
41.3863902,2.1675478999999997
41.386006200000004,2.1678587000000005
41.385993299999996,2.1678632999999996
41.3863782,2.1675433999999996
41.3869784,2.1681822
41.3859831,2.1677807000000002
41.3865576,2.1674182
41.386119799999996,2.1677902000000002
41.38627520000001,2.1676836
41.3861019,2.1678045
41.3862769,2.1676855
41.3864628,2.1675437
41.3863274,2.1675963
41.38630870000001,2.1676396
41.3860716,2.1678442
41.386443799999995,2.1675452
41.3860371,2.1678666
41.3862944,2.1676564999999997
41.385662599999996,2.1729526000000003
41.385704,2.1730741
41.3854073,2.1731957000000004
41.383992799999994,2.1711245999999997
41.382059999999996,2.1715554
41.3860446,2.1678702000000003
41.3864195,2.1675376
41.3864099,2.1675897999999996
41.385991499999996,2.167856
41.3865633,2.1674578999999996
41.4117404,2.1501468
41.4088214,2.1530521
41.4087045,2.1521359
41.40884970000001,2.1539744
41.3778305,2.1668822999999997
41.3718303,2.151209
41.3761687,2.1570009999999997
41.3696825,2.1532646
41.3720215,2.1516669999999998
41.3791315,2.1546312999999997
41.3791135,2.1605179
41.3812939,2.1574744
41.376379299999996,2.1508768
41.3838652,2.1608127
41.386536,2.1674569
41.3865458,2.1674625
41.3859026,2.1677732000000005
41.3862122,2.1681476
41.38023270000001,2.1746935
41.3802277,2.1747012999999997
41.3802364,2.1746844
41.3802362,2.1746824
41.3837832,2.171219
41.3859875,2.1678736
41.3860368,2.1678615000000003
41.385946999999994,2.1678117
41.3859799,2.1678857999999996
41.38601110000001,2.1678740000000003
41.386021299999996,2.1678697999999996
41.3859812,2.1678656000000003
41.3861134,2.1678387000000003
41.3860313,2.1678107000000004
41.385959,2.1678417999999997
41.3860013,2.1678422999999998
41.386010299999995,2.1678007000000004
41.3865154,2.1675281
41.3823971,2.1662152000000003
41.38596679999999,2.167801
41.38235820000001,2.1660526
41.38604960000001,2.1677936
41.3865407,2.1674402
41.3865458,2.1674572999999997
41.3860451,2.1678653
41.3863417,2.1675554
41.3862653,2.1677254
41.3862601,2.1677049999999998
41.3858601,2.1678882
41.3777365,2.1913935
41.377135100000004,2.1905134
41.3736929,2.1902022
41.377845799999996,2.1916133999999996
41.3736307,2.1901345
41.3783014,2.1874432999999995
41.3863527,2.1756612
41.38623610000001,2.1676898999999996
41.3860533,2.1678349
41.386233000000004,2.167725
41.3860541,2.1678512000000003
41.3865505,2.1674287
41.3865218,2.1674328999999997
41.3865449,2.1674368
41.3865468,2.1674327
41.3888287,2.1693721000000004
41.3865164,2.1674450000000003
41.386527799999996,2.1674467
41.3865429,2.1674325
41.3865045,2.1674393
41.3865184,2.1674304
41.3865141,2.1674273
41.3865141,2.1674211
41.3860467,2.1678549
41.3862807,2.1676759999999997
41.3860116,2.1678290000000002
41.3860072,2.1679066000000002
41.386009,2.1678488
41.3859761,2.1678838
41.3859587,2.1678563
41.385995799999996,2.1678261
41.386303399999996,2.1675795
41.3865002,2.1675351000000003
41.386464200000006,2.1675663
41.386983,2.1681868
41.3862739,2.1676803
41.386311799999994,2.1675993
41.386330799999996,2.1676022
41.386272399999996,2.1676585999999998
41.386288,2.167621
41.38627520000001,2.1676414
41.3862459,2.1676872000000005
41.3862379,2.1676359
41.3862626,2.1676876
41.3862431,2.1677614
41.3860834,2.1678095
41.385982899999995,2.1678488999999996
41.382414399999995,2.1661886000000004
41.3863458,2.1675662
41.3863979,2.167648
41.38625250000001,2.1676439
41.3862814,2.167653
41.3862581,2.1676248
41.38638140000001,2.1675915
41.3863282,2.1676054
41.3862064,2.1676982999999996
41.386014,2.1677783
41.3864505,2.1675805
41.3862536,2.1676932
41.3859505,2.1678826
41.3864492,2.1674956
41.3814424,2.1599304
41.3799585,2.1581938999999997
41.3799811,2.158282
41.3796296,2.1577208999999997
41.385833899999994,2.1673044999999997
41.3859787,2.1679174999999997
41.386213399999995,2.1676577
41.386348100000006,2.1676113
41.386179399999996,2.1677949
41.3860251,2.1678726000000004
41.38600039999999,2.167854
41.386389799999996,2.167608
41.3859948,2.167866
41.3859985,2.1678507999999996
41.3862381,2.1676702000000003
41.3862072,2.1677348999999997
41.3872307,2.1689572999999998
41.381609399999995,2.1728764
41.38248529999999,2.1721142
41.3864399,2.1675391
41.3859114,2.1657697999999996
41.38305250000001,2.1707365000000003
41.38598870000001,2.1679468999999996
41.386469899999994,2.1673942000000004
41.3865287,2.1674467
41.3865671,2.1674537999999997
41.3863418,2.1675657999999998
41.3862007,2.1676352000000003
41.3864279,2.1675786
41.3863174,2.1675971
41.3860239,2.1678521
41.3859581,2.1677956000000003
41.386257799999996,2.1676911
41.3859848,2.1677985
41.386270700000004,2.1676452999999998
41.3862769,2.1676292999999998
41.3862959,2.1676354
41.386263299999996,2.1677269
41.386287100000004,2.1676648
41.3862776,2.1676132000000004
41.3863254,2.1676014
41.3862794,2.1676535
41.3863443,2.1675586
41.3864988,2.16748
41.3865535,2.1674431
41.386334999999995,2.1675853
41.3860046,2.1678609
41.3865576,2.1673991000000004
41.3865527,2.167427
41.3865696,2.1674282000000002
41.386560700000004,2.167414
41.3865537,2.1674227000000004
41.38639439999999,2.1674796
41.386562299999994,2.167438
41.384775899999994,2.1740645
41.3839656,2.1785923
41.3839311,2.1775368999999998
41.3846221,2.1752406000000004
41.3841221,2.173387
41.3824859,2.1738174
41.3833201,2.17519
41.382863799999996,2.1770275000000003
41.383797799999996,2.1796277
41.3834626,2.1816777999999997
41.3895376,2.1841327
41.390089,2.1818757
41.3900932,2.1724685
41.3912195,2.166509
41.3868326,2.1685343999999995
41.3865132,2.1674632999999996
41.386500500000004,2.1674577
41.3861955,2.1677496
41.38617410000001,2.1677472
41.3862856,2.1676588
41.3865427,2.1674432999999995
41.3865208,2.1674569
41.38654810000001,2.1674547000000004
41.3865645,2.1674252999999997
41.386528799999994,2.1674599
41.3802229,2.1547776
41.3771471,2.151111
41.3771274,2.1517042
41.377087700000004,2.1516071
41.3771484,2.1511454
41.37711029999999,2.1507479
41.3771032,2.1507099999999997
41.3771035,2.1507101000000004
41.3771169,2.1509707000000002
41.3771439,2.1511261000000004
41.3775419,2.1497252000000002
41.377069899999995,2.151859
41.3771386,2.1511097
41.3771566,2.1511299999999998
41.377116799999996,2.1508227000000004
41.377109399999995,2.1511603999999998
41.3771476,2.1511306
41.3771084,2.1511033
41.37711710000001,2.1508035
41.38097929999999,2.1545717
41.3827359,2.1555174
41.3809203,2.1544305
41.3787991,2.1518175999999998
41.3763312,2.1503155
41.3029568,2.0752217
41.294760499999995,2.0597215
41.3044211,2.0629379
44.8211643,20.289820600000002
44.814262799999995,20.463396
44.81423710000001,20.463395000000002
44.8142597,20.4634413
44.81425529999999,20.4634126
44.8147632,20.462993899999997
44.8142567,20.4634362
44.8142458,20.463423199999998
44.8142425,20.463396
44.8176896,20.4640905
44.8204136,20.4634652
44.814251299999995,20.4634125
44.81423710000001,20.4633921
44.81420900000001,20.463400600000003
44.7615833,19.5779042
43.8595184,18.4259447
43.859512,18.4258652
43.8595208,18.425898
43.8594718,18.425965899999998
43.8594591,18.4259616
43.8595343,18.4259077
43.859528600000004,18.4259094
43.8595216,18.4259443
43.8595327,18.425908
43.859513799999995,18.4259634
43.8595181,18.4259234
43.859502,18.425953399999997
43.8595203,18.425885
43.8595264,18.4258718
43.8585619,18.3974783
43.3457596,17.811691399999994
43.337604999999996,17.8132777
43.3457469,17.8116299
43.3457592,17.811675199999996
43.345790799999996,17.811506299999994
43.3457677,17.8114806
43.345754799999995,17.811472600000005
43.3456864,17.8114795
43.3457264,17.8114599
43.0494048,17.4348518
43.5111015,16.4362152
43.507694799999996,16.434215
43.5109954,16.436328699999994
43.51110739999999,16.4362753
43.5111473,16.436336999999998
43.511092100000006,16.4362526
43.5111082,16.436250400000002
43.511113,16.4361904
43.511113200000004,16.4361962
43.5111256,16.436159900000003
43.51112670000001,16.4361521
43.51112970000001,16.4361413
43.511093,16.436236800000003
43.5076999,16.4341957
43.5077013,16.434201
43.51110170000001,16.4362409
43.5111004,16.4361656
43.511184,16.4363305
43.511136799999996,16.4361425
43.511119799999996,16.4361526
43.51111820000001,16.436155300000006
43.5111277,16.4361242
43.504721999999994,16.4435322
42.91172,17.6277803
42.91188920000001,17.627881
42.661063500000004,18.085368799999998
42.661302,18.085427
42.66109,18.085350299999998
42.66138660000001,18.0854715
42.6613043,18.0845563
42.660844899999994,18.0853275
42.4234482,18.7716196
42.4233194,18.771615899999997
42.4237727,18.771453
42.4234261,18.7716538
42.423430100000004,18.7716559
42.4233922,18.7715764
42.4234174,18.7716171
42.423386799999996,18.771611399999998
42.42330250000001,18.7716497
42.4234054,18.7716013
42.4234011,18.7716033
42.4233679,18.7716465
42.42340720000001,18.771575100000003
42.423295,18.7716171
42.4233443,18.771601899999997
42.42343020000001,18.771597
42.4237258,18.771465399999997
42.4237473,18.7714945
42.4234297,18.771594600000004
42.423427200000006,18.771618300000004
42.4233975,18.771621300000003
42.423440899999996,18.7716069
42.42342410000001,18.7715432
42.4234755,18.7716733
42.4234394,18.771577399999998
42.423416499999995,18.771708399999998
42.4233909,18.7716372
42.4244097,18.771216
42.424376099999996,18.771251899999996
42.423662799999995,18.7715013
42.423744,18.771513600000002
42.4237532,18.7714563
42.4234011,18.7715222
42.4234244,18.7716344
42.4234559,18.7716194
42.4234499,18.7715922
42.423458399999994,18.7716387
42.4234215,18.7715348
42.42344620000001,18.7715898
42.42344600000001,18.771579100000004
42.4234614,18.771572
42.423423,18.771591600000004
42.42344420000001,18.771610100000004
42.4234365,18.771622600000004
42.4234394,18.771608800000006
42.423429399999996,18.771616100000006
42.423449,18.7716026
42.4234245,18.771622600000004
42.4234094,18.7716178
42.4234242,18.771674899999997
42.42344170000001,18.771599300000002
42.2082015,20.736022
42.20822329999999,20.736114399999998
42.208191299999996,20.7361949
42.2083089,20.7361563
42.208425399999996,20.7395629
42.2085278,20.739801500000002
42.209131,20.7407639
42.2090796,20.7407277
42.2086493,20.7411046
42.2086017,20.739855300000002
42.20859160000001,20.739911199999998
42.2081099,20.7360032
42.208282399999995,20.7361781
42.208174799999995,20.7361328
42.20821160000001,20.736127300000003
42.2081885,20.7360315
42.2082011,20.735992899999996
42.2081564,20.736150199999997
42.2085486,20.739965899999998
42.2081636,20.7360462
42.2084499,20.739674800000003
42.2096308,20.741421
42.208071000000004,20.7360629
42.2083035,20.7361782
42.20818920000001,20.736062399999998
42.2082292,20.7360582
42.2086555,20.7412135
42.208126799999995,20.736058800000002
42.20818970000001,20.7361081
42.208281400000004,20.736091899999998
41.1143363,20.7987999
41.1143159,20.7986329
41.11436370000001,20.798962699999997
41.114321200000006,20.799009299999998
41.114357500000004,20.7990312
41.114329100000006,20.7988628
41.1143434,20.7989023
41.114327100000004,20.7987474
41.1143449,20.798741800000002
41.114326,20.7988869
41.1143406,20.798797600000004
41.114360299999994,20.79885
41.1143075,20.7987693
41.11425429999999,20.7989775
41.111061799999995,20.790237899999997
41.1110718,20.7901855
41.1110614,20.7902304
41.1142974,20.798927499999998
41.1142748,20.798710999999997
41.1143281,20.799085100000006
41.1143143,20.799036899999997
41.1143509,20.7990645
41.1167919,20.7987553
41.1168088,20.7986566
41.11435460000001,20.798881899999998
41.11429570000001,20.798849
41.1142821,20.7988735
41.1143735,20.7989715
41.114340999999996,20.7988283
41.11437,20.7988534
41.114298100000006,20.798845
41.114304600000004,20.798855399999997
41.1142578,20.7986747
41.1143058,20.7988175
40.7021955,19.9464309
40.70219390000001,19.946428100000002
40.702193799999996,19.9464287
40.70219520000001,19.9464297
40.7021942,19.9464287
40.7021956,19.9464309
40.7021937,19.9464286
40.7021815,19.9463338
40.702180299999995,19.946347
40.70218010000001,19.946316
40.702181700000004,19.9463267
40.7021796,19.9463533
40.702193799999996,19.9464288
40.702194299999995,19.9464313
40.702195399999994,19.9464308
40.70219470000001,19.9464318
40.70219390000001,19.946428100000002
40.702194,19.9464286
40.7021937,19.9464285
40.7021838,19.946288199999998
40.702194,19.9464287
40.7021792,19.946400399999998
40.70219390000001,19.946429100000003
40.702195,19.9464294
40.7021807,19.9463701
40.702194399999996,19.9464318
40.7039459,19.9533646
40.1878266,20.0793039
40.187824600000006,20.0793033
39.9111658,20.3618013
39.04002120000001,21.120076899999997
38.55833199,21.26011286
38.4890041,21.3400313
38.54147934,21.28409073
38.3747898,21.6339311
38.3747684,21.6339475
38.3747664,21.6339471
38.3747875,21.633931
38.1490189,22.351421300000002
37.92165900000001,22.929848
37.96766891,23.72920298
37.9682968,23.729191
37.9686369,23.7317783
37.9688425,23.7375
37.9700731,23.7401936
37.9720792,23.733686
37.9758167,23.735609699999998
37.97559879999999,23.7346204
37.9763044,23.7287133
37.9762192,23.7267812
37.9765965,23.725825
37.9747424,23.7247172
37.9767907,23.7259763
37.9671963,23.7284495
37.9685356,23.727942000000002
37.968876200000004,23.728139499999997
37.97012520000001,23.7285451
37.97175634,23.72589367
37.9720922,23.7289803
37.9667664,23.7278716
37.9713652,23.7236495
37.975886700000004,23.7241544
37.9772489,23.7231517
37.9704348,23.7198505
37.97439979999999,23.719678299999998
37.96936470000001,23.723635
37.9692997,23.7329933
37.967217,23.7284915
37.967227799999996,23.7284826
37.9672084,23.7284791
37.96722570000001,23.7284896
37.9672105,23.7284766
37.967214399999996,23.728495499999998
37.9672177,23.7284984
37.9671985,23.7284931
37.96722020000001,23.7285048
37.9672049,23.7285091
37.9672243,23.7284976
37.967225299999996,23.728485
37.9672111,23.7284896
37.967221,23.728500699999998
37.9672103,23.7284929
37.967206899999994,23.728504100000002
37.9672152,23.7284958
37.9672248,23.728496300000003
37.9672162,23.7284926
37.9672066,23.728460100000003
37.9672269,23.7285194
37.9672094,23.7284671
37.9672254,23.7285122
37.9672153,23.728503
37.96721820000001,23.7284817
37.9672119,23.7284703
37.967215100000004,23.7285058
37.9672276,23.7284712
37.9672066,23.728485
37.96720850000001,23.728512600000002
37.967211999999996,23.7284926
37.96723529999999,23.728487
37.9892244,23.7315974
37.989224799999995,23.731597600000004
37.967209600000004,23.7285095
37.9671899,23.7285362
37.9671937,23.7284965
37.968669899999995,23.728298300000002
37.9672018,23.7284295
37.975691999999995,23.7350702
37.933989399999994,23.9458449
37.9339127,23.9458047
37.9338137,23.945677
37.9336091,23.9460748
40.9823519,28.815756099999998
40.97648579999999,28.8170347
40.979387100000004,28.8187957
40.9804617,28.8205271
40.9847229,28.8316584
41.0016292,28.949190500000004
41.040212200000006,28.9886386
41.0434912,28.9853641
41.043476,28.9854186
41.04349420000001,28.985459499999997
41.0434919,28.9854461
41.04348020000001,28.985438800000004
41.0435091,28.985439899999996
41.0434961,28.985436100000005
41.0434906,28.985448699999996
41.0434756,28.985460800000002
41.04348140000001,28.985437599999997
41.0434895,28.985449199999998
41.0434828,28.9854564
41.043470899999996,28.9854475
41.043482399999995,28.98543470000001
41.043473799999994,28.9854505
41.0445078,28.983312899999994
41.0408216,28.986153899999998
41.0180136,28.973768300000003
41.0153984,28.977627299999998
41.0104814,28.9783142
41.007506899999996,28.975744399999996
41.0048513,28.9764
41.0072583,28.9759344
41.009761600000004,28.9691664
41.0091726,28.9658489
41.0063322,28.9737349
41.00884168,28.97890266
41.0116484,28.98345470000001
41.009595000000004,28.9796847
41.01496289999999,29.010762100000004
41.0142474,29.011214600000002
41.02137800000001,29.006663899999996
41.01947427,28.98448986
41.026502799999996,28.979655800000003
41.0317592,28.989534600000002
41.0424766,28.986451000000002
41.0434868,28.9854188
41.043491100000004,28.9854249
41.0434611,28.985457699999998
41.043490399999996,28.985460600000003
41.0434891,28.985428999999996
41.0434918,28.9854377
41.0435008,28.985466499999998
41.0434557,28.9854307
41.04346470000001,28.98544050000001
41.043485499999996,28.9854543
41.0444898,28.983313
41.0443787,28.9834663
41.0434748,28.9854478
41.0434907,28.9854195
41.0434833,28.985407799999997
41.043480100000004,28.9854482
41.01167120000001,28.976222200000002
41.0125778,28.977990600000002
41.018612899999994,28.967179499999997
41.0155939,28.962900399999995
41.0155953,28.9674191
41.0177551,28.973655199999996
41.0283964,28.9799294
41.0331646,28.9822531
41.0331927,28.9820406
41.0355254,28.9846805
41.0443896,28.9833868
41.0434759,28.9854451
41.044555700000004,28.983285499999997
41.0434777,28.985435700000004
41.0434946,28.9854346
41.043453799999995,28.9854238
41.0370046,28.985698100000004
41.033966799999995,28.99226830000001
41.03398473,28.99222008
41.0093777,28.9655192
41.009014,28.96825
41.0089915,28.9682677
41.0097674,28.954203000000003
41.0403945,28.9838584
41.038831200000004,28.9841972
41.0387571,28.9841212
41.0432544,28.98547760000001
41.0434875,28.9854878
41.0434912,28.985443800000002
41.0434999,28.9854506
41.0435097,28.985382300000005
41.0434967,28.985433399999998
41.043512799999995,28.985409100000002
40.977637200000004,28.8238788
40.977637,28.823925899999995
48.3564169,11.7921547
48.356012799999995,11.791710400000001
48.356528499999996,11.792183099999999
48.3562848,11.791710400000001
48.355328,11.791710400000001
48.357110399999996,11.7913456
